{
  "baselines": {
    "logistic_regression": {
      "Accuracy": 0.6896,
      "Precision": 0.43463203463203465,
      "Recall": 0.8032,
      "F1-Score": 0.5640449438202247,
      "ROC-AUC": 0.7881852266666667,
      "PR-AUC": 0.47972199260927584,
      "type": "classification"
    },
    "xgboost": {
      "Accuracy": 0.7028,
      "Precision": 0.45012679628064245,
      "Recall": 0.852,
      "F1-Score": 0.5890486725663717,
      "ROC-AUC": 0.8315369866666666,
      "PR-AUC": 0.5845035938083278,
      "type": "classification"
    },
    "knn": {
      "avg_complementarity": 0.5829395505564002,
      "std_complementarity": 0.19864046563983706,
      "type": "recommendation",
      "k": 10,
      "total_recommendations": 287850,
      "students_covered": 28785
    },
    "best_classifier": {
      "name": "XGBoost",
      "roc_auc": 0.8315369866666666
    },
    "data_info": {
      "n_train": 39999,
      "n_test": 10000,
      "n_features": 16,
      "class_imbalance_ratio": 2.9999
    },
    "recommendation_strategy": {
      "hybrid_approach": "KNN for candidate generation + Classifier for filtering",
      "knn_strengths": [
        "Fast",
        "Interpretable",
        "No training required"
      ],
      "classifier_strengths": [
        "Precision filtering",
        "Learns complex patterns",
        "Handles imbalance"
      ]
    }
  },
  "gnn": {
    "model": "GraphSAGE",
    "ROC-AUC": 0.9764295728813678,
    "PR-AUC": 0.8929514895598849,
    "Accuracy": 0.9423857566765579,
    "test_pairs": 126375,
    "embedding_dim": 48,
    "hidden_dim": 64,
    "device": "cpu",
    "type": "classification"
  },
  "improvement_over_best_baseline": {
    "best_baseline": "XGBoost",
    "best_baseline_roc_auc": 0.8315369866666666,
    "gnn_roc_auc": 0.9764295728813678,
    "absolute_improvement": 0.14489258621470114,
    "relative_improvement_percent": 17.42467124589653
  }
}