model,accuracy,precision,recall,f1,auc_roc,precision@1,recall@1,ndcg@1,precision@3,recall@3,ndcg@3,precision@5,recall@5,ndcg@5,precision@10,recall@10,ndcg@10,map,mrr,type,C,n_estimators,max_depth
Heuristic Ranker,0.7498318762609281,0.4997758852532497,1.0,0.6664674237895996,1.0,1.0,0.0008968609865470852,1.0,1.0,0.0026905829596412557,1.0,1.0,0.004484304932735426,1.0,1.0,0.008968609865470852,1.0,1.0,1.0,heuristic,,,
Logistic Regression,0.7498318762609281,0.4997758852532497,1.0,0.6664674237895996,0.9999638146344338,1.0,0.0008968609865470852,1.0,1.0,0.0026905829596412557,1.0,1.0,0.004484304932735426,1.0,1.0,0.008968609865470852,1.0,0.9998955432884271,1.0,logistic,1.0,,
Random Forest,0.7480385563774938,0.497990174184904,1.0,0.6648777579010137,1.0,1.0,0.0008968609865470852,1.0,1.0,0.0026905829596412557,1.0,1.0,0.004484304932735426,1.0,1.0,0.008968609865470852,1.0,1.0,1.0,random_forest,,100.0,10.0
